{"cameraMode":{"drawMode":0,"name":"Shaded","section":"Shading Mode"},"sceneLighting":false,"audioPlay":false,"sceneViewState":{"showFog":true,"showMaterialUpdate":false,"showSkybox":false,"showFlares":true,"showImageEffects":true,"showParticleSystems":true},"in2DMode":false,"pivot":{"x":16.245548248291017,"y":-7.102870464324951,"z":5.092676639556885},"rotation":{"x":0.2283717542886734,"y":0.38402944803237917,"z":-0.09863822162151337,"w":0.8892021179199219},"size":20.48332405090332,"orthographic":false}