{"cameraMode":{"drawMode":0,"name":"Shaded","section":"Shading Mode"},"sceneLighting":false,"audioPlay":false,"sceneViewState":{"showFog":true,"showMaterialUpdate":false,"showSkybox":false,"showFlares":true,"showImageEffects":true,"showParticleSystems":true},"in2DMode":false,"pivot":{"x":5.228701591491699,"y":0.605567216873169,"z":-1.4177706241607667},"rotation":{"x":-0.1054249182343483,"y":-0.17974305152893067,"z":0.019398784264922143,"w":-0.9778887033462524},"size":2.5855419635772707,"orthographic":false}