{"cameraMode":{"drawMode":0,"name":"Shaded","section":"Shading Mode"},"sceneLighting":true,"audioPlay":false,"sceneViewState":{"showFog":false,"showMaterialUpdate":false,"showSkybox":false,"showFlares":false,"showImageEffects":false,"showParticleSystems":false},"in2DMode":false,"pivot":{"x":12.461594581604004,"y":-5.5570244789123539,"z":-6.960368633270264},"rotation":{"x":-0.1053013727068901,"y":-0.842291533946991,"z":0.17820850014686585,"w":-0.49771252274513247},"size":19.45880699157715,"orthographic":false}