{"cameraMode":{"drawMode":0,"name":"Shaded","section":"Shading Mode"},"sceneLighting":false,"audioPlay":false,"sceneViewState":{"showFog":false,"showMaterialUpdate":false,"showSkybox":false,"showFlares":false,"showImageEffects":false,"showParticleSystems":false},"in2DMode":false,"pivot":{"x":-0.03400012478232384,"y":1.1549999713897706,"z":1.9840002059936524},"rotation":{"x":-0.0013968159910291434,"y":0.36404120922088625,"z":0.0005471599870361388,"w":0.931385338306427},"size":22.0,"orthographic":false}