{"cameraMode":{"drawMode":0,"name":"Shaded","section":"Shading Mode"},"sceneLighting":false,"audioPlay":false,"sceneViewState":{"showFog":true,"showMaterialUpdate":false,"showSkybox":false,"showFlares":true,"showImageEffects":true,"showParticleSystems":true},"in2DMode":false,"pivot":{"x":1.5488839149475098,"y":0.9923876523971558,"z":1.145998239517212},"rotation":{"x":0.2299392968416214,"y":0.2964920699596405,"z":-0.07378280907869339,"w":0.9239996075630188},"size":4.458539962768555,"orthographic":false}